<?xml version="1.0" encoding="UTF-8"?>
<project-private xmlns="http://www.netbeans.org/ns/project-private/1">
    <editor-bookmarks xmlns="http://www.netbeans.org/ns/editor-bookmarks/2" lastBookmarkId="0"/>
    <open-files xmlns="http://www.netbeans.org/ns/projectui-open-files/2">
        <group>
            <file>file:/D:/JessicaPetersen/jéssica/Faculdade%20-%20engenharia%20de%20software/2018.2/55DSW%20-%20Desenvolvimento%20de%20Sistemas%20para%20Web/trabalho%20final%20-%20robotica/trabalho%20Front%20e%20back%20v0.7/TrabalhoPraticoHtml/Public_html/cadastroTemporada.html</file>
            <file>file:/D:/JessicaPetersen/jéssica/Faculdade%20-%20engenharia%20de%20software/2018.2/55DSW%20-%20Desenvolvimento%20de%20Sistemas%20para%20Web/trabalho%20final%20-%20robotica/trabalho%20Front%20e%20back%20v0.7/TrabalhoPraticoHtml/Public_html/cadastroJuizes.html</file>
            <file>file:/D:/JessicaPetersen/jéssica/Faculdade%20-%20engenharia%20de%20software/2018.2/55DSW%20-%20Desenvolvimento%20de%20Sistemas%20para%20Web/trabalho%20final%20-%20robotica/trabalho%20Front%20e%20back%20v0.7/TrabalhoPraticoHtml/Public_html/cadastroSalas.html</file>
            <file>file:/D:/JessicaPetersen/jéssica/Faculdade%20-%20engenharia%20de%20software/2018.2/55DSW%20-%20Desenvolvimento%20de%20Sistemas%20para%20Web/trabalho%20final%20-%20robotica/trabalho%20Front%20e%20back%20v0.7/TrabalhoPraticoHtml/Public_html/cadastroIntegrante.html</file>
            <file>file:/D:/JessicaPetersen/jéssica/Faculdade%20-%20engenharia%20de%20software/2018.2/55DSW%20-%20Desenvolvimento%20de%20Sistemas%20para%20Web/trabalho%20final%20-%20robotica/trabalho%20Front%20e%20back%20v0.7/TrabalhoPraticoHtml/Public_html/torneio.html</file>
        </group>
    </open-files>
</project-private>
